Ramadan Day,Juz for Taraweeh,Nightly Reminder,Notes
Day 1,Juz 1,After Isha,Confirm local start time
Day 2,Juz 2,After Isha,Community Quran focus
Day 3,Juz 3,After Isha,Open to all attendees
Day 4,Juz 4,After Isha,Update if timing shifts
Day 5,Juz 5,After Isha,Family attendance encouraged
Day 6,Juz 6,After Isha,Check local prayer board
Day 7,Juz 7,After Isha,Nightly bayan before taraweeh
Day 8,Juz 8,After Isha,Volunteers may host iftar
Day 9,Juz 9,After Isha,Confirm time locally
Day 10,Juz 10,After Isha,End of first third
Day 11,Juz 11,After Isha,Template entry
Day 12,Juz 12,After Isha,Template entry
Day 13,Juz 13,After Isha,Template entry
Day 14,Juz 14,After Isha,Template entry
Day 15,Juz 15,After Isha,Mid-month checkpoint
Day 16,Juz 16,After Isha,Template entry
Day 17,Juz 17,After Isha,Template entry
Day 18,Juz 18,After Isha,Template entry
Day 19,Juz 19,After Isha,Template entry
Day 20,Juz 20,After Isha,Last ten nights approach
Day 21,Juz 21,After Isha,Increase attendance planning
Day 22,Juz 22,After Isha,Template entry
Day 23,Juz 23,After Isha,Template entry
Day 24,Juz 24,After Isha,Template entry
Day 25,Juz 25,After Isha,Template entry
Day 26,Juz 26,After Isha,Template entry
Day 27,Juz 27,After Isha,Potentially busy night
Day 28,Juz 28,After Isha,Template entry
Day 29,Juz 29,After Isha,Moon-sighting dependent
Day 30,Juz 30,After Isha,Completion night if 30 days
